Sector,Mes,Dia,MP10,MP2.5,Temperatura
Amanecer,1,1,129.5,210.96,7.73
Amanecer,1,2,131.78,312.12,14.9
Amanecer,1,3,183.04,183.73,33.34
Amanecer,1,4,211.25,317.25,33.15
Amanecer,1,5,109.59,233.63,21.91
Amanecer,1,6,310.42,212.67,18.68
Amanecer,1,7,131.53,244.57,13.46
Amanecer,1,8,202.19,116.91,13.23
Amanecer,1,9,242.74,327.5,19.11
Amanecer,1,10,319.01,210.88,14.09
Amanecer,1,11,108.38,212.4,33.36
Amanecer,1,12,317.02,325.81,8.43
Amanecer,1,13,128.12,139.39,4.94
Amanecer,1,14,422.86,339.22,22.12
Amanecer,1,15,300.17,198.94,-0.31
Amanecer,1,16,256.25,416.71,20.1
Amanecer,1,17,295.33,354.72,-0.05
Amanecer,1,18,326.32,366.3,32.62
Amanecer,1,19,202.38,395.05,-0.7
Amanecer,1,20,272.09,409.96,11.22
Amanecer,1,21,297.53,209.94,9.58
Amanecer,1,22,333.49,292.15,12.96
Amanecer,1,23,411.9,317.5,-2.13
Amanecer,1,24,252.1,282.39,28.98
Amanecer,1,25,293.2,396.21,12.71
Amanecer,1,26,176.17,340.14,13.21
Amanecer,1,27,220,403.06,28.17
Amanecer,1,28,102.71,226.81,2.39
Amanecer,1,29,180.17,222.34,28.91
Amanecer,1,30,243.98,386.63,27.08
Centro,1,1,311.75,331.18,15.84
Centro,1,2,358.13,313.13,6.04
Centro,1,3,412.54,327.08,5.76
Centro,1,4,120.48,409.56,18.14
Centro,1,5,291.99,240.02,11.22
Centro,1,6,281.72,299.12,12.75
Centro,1,7,119.29,190.21,4.64
Centro,1,8,149.95,173.18,24.6
Centro,1,9,101.96,257.16,17.2
Centro,1,10,156.89,261.91,13.67
Centro,1,11,359.06,385.29,28.52
Centro,1,12,128.14,111.45,30.4
Centro,1,13,232.71,394.73,10.76
Centro,1,14,402.08,114.42,26.71
Centro,1,15,395.87,280.69,20.95
Centro,1,16,431,450.07,18.29
Centro,1,17,136.72,423.74,11.7
Centro,1,18,323.97,318.44,16.88
Centro,1,19,180.65,104.16,31.51
Centro,1,20,127.5,116.81,7.07
Centro,1,21,317.91,262.14,7.01
Centro,1,22,228.39,359.73,-0.82
Centro,1,23,280.53,277.72,26.44
Centro,1,24,184.21,221.55,12.52
Centro,1,25,107.61,199.4,31.54
Centro,1,26,188.98,117.23,-1.17
Centro,1,27,293.22,289.74,17.61
Centro,1,28,428.5,283.49,33.63
Centro,1,29,153.77,320.86,34.24
Centro,1,30,371.45,177.95,3.07
Pedro	Valdivia,1,1,308.85,246.4,16
Pedro	Valdivia,1,2,220.94,359.56,24.02
Pedro	Valdivia,1,3,143.62,385.6,-0.54
Pedro	Valdivia,1,4,114.12,226.91,9.43
Pedro	Valdivia,1,5,381.35,269.19,29.44
Pedro	Valdivia,1,6,266.2,435.9,8.79
Pedro	Valdivia,1,7,304.53,389.15,6.39
Pedro	Valdivia,1,8,297.33,353.63,24.63
Pedro	Valdivia,1,9,156.55,320.08,14.45
Pedro	Valdivia,1,10,158.76,252.81,35.12
Pedro	Valdivia,1,11,379.37,160.88,13.48
Pedro	Valdivia,1,12,442.17,445.82,0.69
Pedro	Valdivia,1,13,252.55,408.59,-0.76
Pedro	Valdivia,1,14,116.3,310.75,6.81
Pedro	Valdivia,1,15,117.03,275.77,4.38
Pedro	Valdivia,1,16,135.82,326.21,17.35
Pedro	Valdivia,1,17,348.04,147.03,26
Pedro	Valdivia,1,18,147.12,108.23,30.13
Pedro	Valdivia,1,19,151.71,401.45,10.27
Pedro	Valdivia,1,20,214.93,213.91,1.57
Pedro	Valdivia,1,21,251.55,146.82,25.96
Pedro	Valdivia,1,22,188.86,135.27,10.48
Pedro	Valdivia,1,23,397.87,415.03,29.82
Pedro	Valdivia,1,24,202.19,204.12,2.38
Pedro	Valdivia,1,25,418.38,284.41,28.9
Pedro	Valdivia,1,26,367.31,161.91,16.61
Pedro	Valdivia,1,27,264.82,121.89,-0.88
Pedro	Valdivia,1,28,384.82,232.7,35.87
Pedro	Valdivia,1,29,395.99,398.7,32.57
Pedro	Valdivia,1,30,327.06,195.53,0.88
Santa	Rosa,1,1,398.31,398.89,12.86
Santa	Rosa,1,2,194.02,155.99,7.78
Santa	Rosa,1,3,389.1,420.94,6.78
Santa	Rosa,1,4,273.68,382.74,-3.35
Santa	Rosa,1,5,323.46,391.31,26.19
Santa	Rosa,1,6,142.64,386.96,30.94
Santa	Rosa,1,7,237.19,378.88,9.18
Santa	Rosa,1,8,371.56,338.1,16.78
Santa	Rosa,1,9,450.66,194.12,6.11
Santa	Rosa,1,10,362.7,260.49,28.74
Santa	Rosa,1,11,361.88,402,19.96
Santa	Rosa,1,12,285.55,440.54,23.95
Santa	Rosa,1,13,334.62,322.04,22.6
Santa	Rosa,1,14,288.67,438.73,31.44
Santa	Rosa,1,15,413.38,170.25,27.7
Santa	Rosa,1,16,382.92,240.59,2.22
Santa	Rosa,1,17,411.44,399.97,29.74
Santa	Rosa,1,18,340.59,235.19,6.08
Santa	Rosa,1,19,348,307.84,0.82
Santa	Rosa,1,20,329.94,354.85,6.28
Santa	Rosa,1,21,424.19,176.03,4.42
Santa	Rosa,1,22,139.79,193.36,34.15
Santa	Rosa,1,23,315.64,412.92,35.72
Santa	Rosa,1,24,261.79,256.66,10.59
Santa	Rosa,1,25,186,188.93,10.72
Santa	Rosa,1,26,168.23,211.43,12.14
Santa	Rosa,1,27,361.94,341.42,-0.59
Santa	Rosa,1,28,359.42,191.76,20.59
Santa	Rosa,1,29,418.35,447.08,4.46
Santa	Rosa,1,30,177.3,309.35,13.32
Universidad,1,1,197.61,199.11,7.25
Universidad,1,2,243.91,162.31,35.08
Universidad,1,3,103.53,394.53,29.97
Universidad,1,4,287.05,444.44,7.61
Universidad,1,5,250.71,383.36,17.58
Universidad,1,6,121.86,165.53,23.33
Universidad,1,7,428.44,371.21,21.65
Universidad,1,8,320.47,299.84,25.78
Universidad,1,9,214.11,264.84,27.16
Universidad,1,10,262.85,245.91,7
Universidad,1,11,350.31,288.96,8.93
Universidad,1,12,298.79,145.86,19.8
Universidad,1,13,308.58,224.73,11.1
Universidad,1,14,405.35,112.23,-2.71
Universidad,1,15,180.11,110.15,-0.57
Universidad,1,16,210.16,237.02,32.34
Universidad,1,17,165.47,258.86,14.72
Universidad,1,18,348.65,423.46,14.48
Universidad,1,19,308.73,146.34,13.39
Universidad,1,20,432.72,146.2,12.21
Universidad,1,21,330.32,264.97,-0.81
Universidad,1,22,104.08,417.48,11.68
Universidad,1,23,169.65,105.56,19.32
Universidad,1,24,400.05,404.24,11.81
Universidad,1,25,378.99,121,11.54
Universidad,1,26,186.21,398.11,28.17
Universidad,1,27,129.92,342.05,10.77
Universidad,1,28,367.41,449.5,32.03
Universidad,1,29,400.56,246.71,-3.55
Universidad,1,30,229.48,198.87,30.93
Amanecer,2,1,394.4,291.83,-1.28
Amanecer,2,2,427.62,148.11,14.07
Amanecer,2,3,288.45,369.33,33.49
Amanecer,2,4,106.68,221.27,6.27
Amanecer,2,5,173.9,137.07,28.11
Amanecer,2,6,160.98,301.47,0.48
Amanecer,2,7,406,123.23,-1.55
Amanecer,2,8,139.35,146.42,31.59
Amanecer,2,9,296.08,235.42,11.25
Amanecer,2,10,307.27,307.51,28.92
Amanecer,2,11,349.91,147.53,14.15
Amanecer,2,12,343.4,163.85,30.35
Amanecer,2,13,356.7,337.44,1.67
Amanecer,2,14,441.61,290.53,25.99
Amanecer,2,15,442.06,126.57,9.4
Amanecer,2,16,286.91,206.77,34.9
Amanecer,2,17,370.13,215.39,19.34
Amanecer,2,18,300.22,344.3,35.93
Amanecer,2,19,369.59,322.46,6.75
Amanecer,2,20,369.4,419.04,2.87
Amanecer,2,21,374.52,221.9,34.49
Amanecer,2,22,179.17,349.09,8.86
Amanecer,2,23,157.81,342.02,32.27
Amanecer,2,24,163.92,341.01,11.03
Amanecer,2,25,384.81,166.12,-2.51
Amanecer,2,26,185.81,325.55,4.5
Amanecer,2,27,280.96,123.94,1.25
Amanecer,2,28,127.4,195.81,32.25
Amanecer,2,29,369.5,318.56,2.18
Centro,2,1,291.82,325.64,0.83
Centro,2,2,232.47,410.82,6.66
Centro,2,3,389.71,240.58,31.54
Centro,2,4,126.21,166.39,16.75
Centro,2,5,238.93,388.84,33.38
Centro,2,6,112.58,179.99,1.88
Centro,2,7,179.87,416.46,24.67
Centro,2,8,234.02,231.77,32.32
Centro,2,9,334.47,210,12.42
Centro,2,10,216.4,341.42,23.53
Centro,2,11,352.94,447.15,6.18
Centro,2,12,220.95,323.19,-3.04
Centro,2,13,234.24,111.97,14.06
Centro,2,14,442.9,336.4,30.28
Centro,2,15,190.89,342.55,33.99
Centro,2,16,380.29,420.83,13.79
Centro,2,17,215.25,199.52,21.74
Centro,2,18,197.31,319.68,23.67
Centro,2,19,289.37,144.34,5.23
Centro,2,20,375.02,401.93,24.25
Centro,2,21,347.54,367.51,34.96
Centro,2,22,274.03,206.21,35.07
Centro,2,23,424.22,394.94,31.76
Centro,2,24,181.97,164.86,25.63
Centro,2,25,239.42,224.55,15.68
Centro,2,26,422.59,209.56,21.73
Centro,2,27,146.85,299.14,10.77
Centro,2,28,349.09,447.67,2.11
Centro,2,29,402.77,141.66,30.51
Pedro	Valdivia,2,1,218.76,301.93,31.2
Pedro	Valdivia,2,2,442.96,244.33,1.52
Pedro	Valdivia,2,3,359.37,226.5,3.09
Pedro	Valdivia,2,4,306.56,150.52,20.28
Pedro	Valdivia,2,5,279.95,221.09,35.43
Pedro	Valdivia,2,6,330.59,305.22,14.85
Pedro	Valdivia,2,7,426.66,107.2,20.04
Pedro	Valdivia,2,8,210.41,227.22,29.14
Pedro	Valdivia,2,9,227.96,441.31,-2.05
Pedro	Valdivia,2,10,113.81,340.48,7.4
Pedro	Valdivia,2,11,429.92,268.65,21.86
Pedro	Valdivia,2,12,352.4,224.38,24.99
Pedro	Valdivia,2,13,369.91,344.07,32.62
Pedro	Valdivia,2,14,232.55,238.93,22.71
Pedro	Valdivia,2,15,100.6,148.72,14.35
Pedro	Valdivia,2,16,248.36,378.48,30.15
Pedro	Valdivia,2,17,143.21,139.49,22.6
Pedro	Valdivia,2,18,171.96,371.51,30.48
Pedro	Valdivia,2,19,341.32,304.69,21.39
Pedro	Valdivia,2,20,164.17,128.39,22.03
Pedro	Valdivia,2,21,444.74,399.52,35.59
Pedro	Valdivia,2,22,361.41,416.2,2.23
Pedro	Valdivia,2,23,138.38,212.08,13.97
Pedro	Valdivia,2,24,148.26,436.6,3
Pedro	Valdivia,2,25,337.38,150.28,21.54
Pedro	Valdivia,2,26,445.55,243.3,5.19
Pedro	Valdivia,2,27,178.72,183.22,-3.39
Pedro	Valdivia,2,28,344.4,280.9,7.69
Pedro	Valdivia,2,29,444.08,126.42,29.88
Santa	Rosa,2,1,206.25,361.48,28.63
Santa	Rosa,2,2,141.39,189.5,12.7
Santa	Rosa,2,3,139.56,425.05,29.91
Santa	Rosa,2,4,419.04,231.54,35.23
Santa	Rosa,2,5,388.93,409.7,0.29
Santa	Rosa,2,6,162.45,435.25,8.82
Santa	Rosa,2,7,295.83,371.7,6.85
Santa	Rosa,2,8,192.88,356.44,0.06
Santa	Rosa,2,9,105.65,238.73,11.57
Santa	Rosa,2,10,378.6,281.47,-1.73
Santa	Rosa,2,11,341.53,275.78,6.92
Santa	Rosa,2,12,382.59,291.43,18.01
Santa	Rosa,2,13,203.69,329.16,-1.96
Santa	Rosa,2,14,151.08,188.47,14.98
Santa	Rosa,2,15,185.51,418.23,-2.53
Santa	Rosa,2,16,112.92,142.05,24.79
Santa	Rosa,2,17,230.4,164.95,-3.05
Santa	Rosa,2,18,284.14,128.23,28.25
Santa	Rosa,2,19,277.85,254.18,-3.77
Santa	Rosa,2,20,190.69,367.6,2.66
Santa	Rosa,2,21,171.33,442.83,9.66
Santa	Rosa,2,22,341.03,254.05,-0.08
Santa	Rosa,2,23,279.79,242.89,-3.34
Santa	Rosa,2,24,389.68,436.78,5.07
Santa	Rosa,2,25,391.09,156.59,-0.35
Santa	Rosa,2,26,275.14,141.35,34.97
Santa	Rosa,2,27,425.75,194.95,10.44
Santa	Rosa,2,28,172.85,238.11,13.65
Santa	Rosa,2,29,321.53,162.78,34.05
Universidad,2,1,313.36,318.91,5.44
Universidad,2,2,228.77,349.79,30.02
Universidad,2,3,442.17,425.45,15.42
Universidad,2,4,155.15,402.09,30.36
Universidad,2,5,298.56,370.51,-0.8
Universidad,2,6,355.1,405.48,21.16
Universidad,2,7,317.96,279.69,17.9
Universidad,2,8,254.93,434.43,-3.56
Universidad,2,9,427.07,257.65,26.91
Universidad,2,10,147.01,281.08,30.89
Universidad,2,11,138.06,263.31,5.91
Universidad,2,12,383,350.54,35.73
Universidad,2,13,149.23,312.56,32
Universidad,2,14,374.13,282.23,10.26
Universidad,2,15,314.48,186.37,34.8
Universidad,2,16,286.3,443.63,5.9
Universidad,2,17,219.23,385.23,7.74
Universidad,2,18,312.57,297.72,2.18
Universidad,2,19,314.66,124.31,9.99
Universidad,2,20,177.95,109.15,9.3
Universidad,2,21,402.52,194.73,7.86
Universidad,2,22,136.09,111.81,1.1
Universidad,2,23,229.65,402.03,3.59
Universidad,2,24,289.69,320.72,0.03
Universidad,2,25,369.72,170.41,18.77
Universidad,2,26,151.45,369.6,34.18
Universidad,2,27,289.07,385.55,32.66
Universidad,2,28,354.06,148.59,9.16
Universidad,2,29,440.11,177.02,21.78
Amanecer,3,1,359.03,443.82,-2.95
Amanecer,3,2,422.14,421.16,32.13
Amanecer,3,3,383.64,362.54,11.61
Amanecer,3,4,408.54,110.56,11.04
Amanecer,3,5,287.21,263.85,10.8
Amanecer,3,6,218.43,419.44,34.92
Amanecer,3,7,281.71,210.55,28.94
Amanecer,3,8,341.88,121.42,10.93
Amanecer,3,9,200.82,355.07,-2.17
Amanecer,3,10,337.11,353,14.03
Amanecer,3,11,115.71,147.88,16.28
Amanecer,3,12,314.46,378.48,3.51
Amanecer,3,13,243.12,436.14,9.62
Amanecer,3,14,418.41,137.84,33.18
Amanecer,3,15,440.4,110.4,27.74
Amanecer,3,16,220.46,195.69,14.09
Amanecer,3,17,426.68,162.68,19
Amanecer,3,18,303.87,268.43,10.49
Amanecer,3,19,289.94,213.39,10.57
Amanecer,3,20,288.28,363.45,21.94
Amanecer,3,21,141.58,194.01,7.82
Amanecer,3,22,261.38,420.72,13.66
Amanecer,3,23,375.83,262.6,0.67
Amanecer,3,24,185.86,170.8,13.21
Amanecer,3,25,150.84,414.92,5.89
Amanecer,3,26,245.17,430.92,33.45
Amanecer,3,27,252.31,130.31,12.67
Amanecer,3,28,115.92,238.77,25.74
Amanecer,3,29,192.69,126.05,19.88
Amanecer,3,30,409.67,182.75,2.63
Centro,3,1,401.66,221.37,25.78
Centro,3,2,423.25,187.31,13.02
Centro,3,3,205.41,217.8,2.67
Centro,3,4,301.28,111.1,20.94
Centro,3,5,352.56,143.65,17.08
Centro,3,6,231.71,125.26,25.89
Centro,3,7,178.13,157.62,0.86
Centro,3,8,381.88,437.79,13.17
Centro,3,9,280.86,175.24,26.67
Centro,3,10,387.58,149.61,17.39
Centro,3,11,255.31,357.88,35.02
Centro,3,12,449.65,125.22,2.58
Centro,3,13,181.69,197.6,-2.74
Centro,3,14,388.19,418.26,-1.11
Centro,3,15,100.79,225.85,13.07
Centro,3,16,182.68,299.7,26.66
Centro,3,17,363.85,277.66,10.06
Centro,3,18,367.78,240.01,14.8
Centro,3,19,446.68,389.47,12.92
Centro,3,20,301.31,166.24,16.66
Centro,3,21,272.08,392.2,27.54
Centro,3,22,184.95,269.19,7.64
Centro,3,23,161.79,419.59,11.45
Centro,3,24,217.72,315.03,6.81
Centro,3,25,397.16,177.8,3.18
Centro,3,26,151.5,218.16,30.19
Centro,3,27,250.53,110.83,26.14
Centro,3,28,144.65,320.58,1.22
Centro,3,29,122.31,265.71,-3.96
Centro,3,30,245.8,154.31,18.44
Pedro	Valdivia,3,1,365.36,189.09,23.21
Pedro	Valdivia,3,2,320.36,301.72,22.01
Pedro	Valdivia,3,3,272.61,359.3,7.11
Pedro	Valdivia,3,4,324.34,212.16,33.55
Pedro	Valdivia,3,5,180.99,385.24,1.9
Pedro	Valdivia,3,6,344.13,134.22,25.1
Pedro	Valdivia,3,7,149.34,432.88,8.66
Pedro	Valdivia,3,8,209.14,358.06,6.65
Pedro	Valdivia,3,9,104.18,357.69,27.78
Pedro	Valdivia,3,10,303.85,207.46,-3.24
Pedro	Valdivia,3,11,236.36,118.2,-1.37
Pedro	Valdivia,3,12,144.49,336.67,16.88
Pedro	Valdivia,3,13,435.81,344.75,6.44
Pedro	Valdivia,3,14,385.26,316.89,3.41
Pedro	Valdivia,3,15,237.37,445.69,16.63
Pedro	Valdivia,3,16,331.82,112.28,-2.77
Pedro	Valdivia,3,17,293.11,289.7,26.94
Pedro	Valdivia,3,18,365.59,406.08,1.91
Pedro	Valdivia,3,19,410.65,275.03,22.98
Pedro	Valdivia,3,20,184.09,111.58,30.06
Pedro	Valdivia,3,21,177.7,396.1,14.94
Pedro	Valdivia,3,22,448.14,284.84,21.09
Pedro	Valdivia,3,23,240.15,194.7,15.07
Pedro	Valdivia,3,24,242.91,267.39,30.67
Pedro	Valdivia,3,25,305.07,204.33,-1.09
Pedro	Valdivia,3,26,280.45,231.53,-0.71
Pedro	Valdivia,3,27,250.5,283.34,35.12
Pedro	Valdivia,3,28,295.67,273.78,20.62
Pedro	Valdivia,3,29,215.39,119.77,10.47
Pedro	Valdivia,3,30,440.17,196.33,26.06
Santa	Rosa,3,1,358.23,249.41,16.67
Santa	Rosa,3,2,279.57,117.15,10.72
Santa	Rosa,3,3,253.45,232.84,16.28
Santa	Rosa,3,4,134.19,404.22,15.01
Santa	Rosa,3,5,406.18,243.86,8.5
Santa	Rosa,3,6,348.02,385.45,13.26
Santa	Rosa,3,7,287.19,117.85,22.43
Santa	Rosa,3,8,375.4,226.24,4.36
Santa	Rosa,3,9,228.51,356.38,22.8
Santa	Rosa,3,10,107.48,184.81,25.39
Santa	Rosa,3,11,349.44,441.53,28.02
Santa	Rosa,3,12,234.19,241.65,27.34
Santa	Rosa,3,13,211.7,309.34,26.89
Santa	Rosa,3,14,155.87,112.44,1.84
Santa	Rosa,3,15,329.97,364.39,12.6
Santa	Rosa,3,16,267.9,350.87,-2.48
Santa	Rosa,3,17,293.78,163.03,2.46
Santa	Rosa,3,18,387.92,187.9,9.03
Santa	Rosa,3,19,337.28,387.72,23.63
Santa	Rosa,3,20,148.59,414.03,30.59
Santa	Rosa,3,21,341.44,347.11,0.07
Santa	Rosa,3,22,362.2,335.58,30.21
Santa	Rosa,3,23,313.03,254.17,20.75
Santa	Rosa,3,24,199.01,108.38,7.03
Santa	Rosa,3,25,331.02,350.21,16.72
Santa	Rosa,3,26,126.71,174.15,27.07
Santa	Rosa,3,27,263.61,116.05,25.31
Santa	Rosa,3,28,211.54,229.98,31.55
Santa	Rosa,3,29,170.72,227.34,9.05
Santa	Rosa,3,30,199.97,235.76,17.83
Universidad,3,1,210.3,439.03,1.46
Universidad,3,2,416.16,348.71,10.44
Universidad,3,3,143.47,144.17,19.12
Universidad,3,4,283.39,213.9,-1.13
Universidad,3,5,202.32,106.02,2.51
Universidad,3,6,282.16,347.43,20.91
Universidad,3,7,285.67,166.84,17.83
Universidad,3,8,294.56,380.33,-3.73
Universidad,3,9,309.03,428.48,19.37
Universidad,3,10,408.16,409.45,4.38
Universidad,3,11,154.78,218.43,8.25
Universidad,3,12,334.94,374.29,9.92
Universidad,3,13,188.42,294.82,26.28
Universidad,3,14,381.4,269.14,13.68
Universidad,3,15,401.56,373.61,13.49
Universidad,3,16,368.95,248.93,13.97
Universidad,3,17,333.63,122.57,23.63
Universidad,3,18,239.79,409.57,2.29
Universidad,3,19,264.97,224.83,16.16
Universidad,3,20,265.68,137.59,1.42
Universidad,3,21,257.07,160.64,0.12
Universidad,3,22,357.68,345.76,32
Universidad,3,23,420.12,425.81,13.68
Universidad,3,24,168.13,343.76,19.58
Universidad,3,25,277.87,107.64,1.8
Universidad,3,26,111.94,249.06,22.91
Universidad,3,27,183.39,329.6,16.35
Universidad,3,28,251.64,446.71,28.24
Universidad,3,29,308.68,233.8,-1.34
Universidad,3,30,449.63,375.81,30.01
Amanecer,4,1,103.88,113,14.45
Amanecer,4,2,136.01,138.13,20
Amanecer,4,3,215.87,195.16,3.38
Amanecer,4,4,209.52,307.86,2.36
Amanecer,4,5,360.94,108.26,5.45
Amanecer,4,6,289.49,274.4,21.7
Amanecer,4,7,161.36,449.78,25.94
Amanecer,4,8,302.61,189.49,3.89
Amanecer,4,9,237.48,205.88,5.84
Amanecer,4,10,167.6,394.06,7.62
Amanecer,4,11,257.75,146.25,8.9
Amanecer,4,12,207.99,420.84,22.04
Amanecer,4,13,145.51,135.29,13.1
Amanecer,4,14,178.32,347.57,15.71
Amanecer,4,15,203.24,167.52,-1.4
Amanecer,4,16,208.16,142.4,-2.21
Amanecer,4,17,449.38,101.61,7.58
Amanecer,4,18,250.62,219.88,22.8
Amanecer,4,19,165.89,289.57,17.4
Amanecer,4,20,210.44,329.51,0.38
Amanecer,4,21,118.55,131.84,33.44
Amanecer,4,22,327.48,229.54,-1.8
Amanecer,4,23,356.23,255.9,21.21
Amanecer,4,24,283.18,188.72,34.75
Amanecer,4,25,344.74,402.22,33
Amanecer,4,26,349.55,110.89,31.78
Amanecer,4,27,184.4,377.14,7.76
Amanecer,4,28,390.4,430.33,3.4
Centro,4,1,370,234.78,10.91
Centro,4,2,347.95,249.85,32.31
Centro,4,3,146.21,400.87,28.84
Centro,4,4,137.97,294.96,24.91
Centro,4,5,117.86,216.75,12.57
Centro,4,6,202.72,443.35,3.16
Centro,4,7,360.21,187.32,33.39
Centro,4,8,177.17,435.58,30.94
Centro,4,9,368.97,248.14,35.46
Centro,4,10,169.29,278.66,17.68
Centro,4,11,132.59,160.85,29.19
Centro,4,12,188.23,365.52,4.85
Centro,4,13,276.1,379.56,-0.53
Centro,4,14,279.12,114.11,26.55
Centro,4,15,246.39,344.1,16.65
Centro,4,16,138.03,103.14,19.6
Centro,4,17,330.92,215.53,4.52
Centro,4,18,285.65,223.53,-2.07
Centro,4,19,113.84,208.37,26.02
Centro,4,20,204.69,245.93,16.16
Centro,4,21,330.37,421.69,5.78
Centro,4,22,113.23,241.52,11.8
Centro,4,23,184.91,345.71,4.83
Centro,4,24,322.54,358.37,2.05
Centro,4,25,142.13,340.41,12.65
Centro,4,26,324.69,232.41,21.95
Centro,4,27,292.67,379.16,31.73
Centro,4,28,429.56,131.28,26.87
Pedro	Valdivia,4,1,351.64,185.6,30.17
Pedro	Valdivia,4,2,137.05,369.17,29.82
Pedro	Valdivia,4,3,391.29,156.25,21.42
Pedro	Valdivia,4,4,262.89,361.24,15.85
Pedro	Valdivia,4,5,307.42,287.66,23.9
Pedro	Valdivia,4,6,299.32,368.39,17.54
Pedro	Valdivia,4,7,378.64,376.58,34.8
Pedro	Valdivia,4,8,244.42,116.22,-0.97
Pedro	Valdivia,4,9,133.87,102.34,2.02
Pedro	Valdivia,4,10,208.71,424.64,-3.38
Pedro	Valdivia,4,11,308.82,170.17,17.77
Pedro	Valdivia,4,12,391.55,223.01,34.65
Pedro	Valdivia,4,13,222.84,123.28,25.13
Pedro	Valdivia,4,14,286.3,325.3,8.81
Pedro	Valdivia,4,15,386.38,152.33,27.72
Pedro	Valdivia,4,16,395.34,368.17,-2.67
Pedro	Valdivia,4,17,222.88,122.3,-2.39
Pedro	Valdivia,4,18,231.43,145.33,24.67
Pedro	Valdivia,4,19,234.35,198.15,32.34
Pedro	Valdivia,4,20,432.22,377.57,8.52
Pedro	Valdivia,4,21,146.77,234.72,-1.08
Pedro	Valdivia,4,22,200.62,112.76,14.64
Pedro	Valdivia,4,23,305.9,103.91,-3.89
Pedro	Valdivia,4,24,416.69,221.59,-3.07
Pedro	Valdivia,4,25,201.41,340.16,29.15
Pedro	Valdivia,4,26,190.17,294.39,11.21
Pedro	Valdivia,4,27,217,239.49,32.47
Pedro	Valdivia,4,28,313.96,100.02,7.68
Santa	Rosa,4,1,327.21,425.97,27.07
Santa	Rosa,4,2,410.93,405.88,35.06
Santa	Rosa,4,3,206.88,370.11,11.99
Santa	Rosa,4,4,316.05,401.82,-0.03
Santa	Rosa,4,5,135.34,204.98,15.8
Santa	Rosa,4,6,150.76,405.67,20.35
Santa	Rosa,4,7,223.71,427.45,3.46
Santa	Rosa,4,8,189.49,225.26,33.07
Santa	Rosa,4,9,331.13,133.5,33.83
Santa	Rosa,4,10,205.85,140.12,11.04
Santa	Rosa,4,11,369.02,220.8,4.09
Santa	Rosa,4,12,149.3,279.1,-3.31
Santa	Rosa,4,13,346.69,202.95,10.35
Santa	Rosa,4,14,202.84,195.42,10.62
Santa	Rosa,4,15,309.22,374.93,27
Santa	Rosa,4,16,240.89,101.75,5.35
Santa	Rosa,4,17,227.63,102.16,25.31
Santa	Rosa,4,18,197.93,257.55,15.68
Santa	Rosa,4,19,362.9,372.34,11.2
Santa	Rosa,4,20,432.53,287.88,-1.92
Santa	Rosa,4,21,403.27,203.14,21.58
Santa	Rosa,4,22,258.22,316.45,12.46
Santa	Rosa,4,23,432.54,121.66,0.09
Santa	Rosa,4,24,206.44,390.4,31.63
Santa	Rosa,4,25,146.84,226.5,10.64
Santa	Rosa,4,26,390.52,112.55,25.49
Santa	Rosa,4,27,272.94,373.82,22.35
Santa	Rosa,4,28,226.76,251.71,10.28
Universidad,4,1,138.96,420.74,5.87
Universidad,4,2,363.87,413.23,5.69
Universidad,4,3,353.99,125.24,23.42
Universidad,4,4,367.52,133.04,6.04
Universidad,4,5,106.74,279.02,2.41
Universidad,4,6,395.73,432.11,32.58
Universidad,4,7,255.13,260.82,12.74
Universidad,4,8,311.97,234.86,21.6
Universidad,4,9,335.08,278.03,1.41
Universidad,4,10,422.3,341.24,-2.74
Universidad,4,11,394.83,178.74,33.93
Universidad,4,12,385.16,218.53,19.73
Universidad,4,13,288.81,377.34,-0.65
Universidad,4,14,271,201.53,8.22
Universidad,4,15,331.67,404.51,3.96
Universidad,4,16,193.06,183.71,16.89
Universidad,4,17,366.98,158.44,11.08
Universidad,4,18,167.37,218.19,25.99
Universidad,4,19,447.94,373.46,17.64
Universidad,4,20,428.45,246.81,0.19
Universidad,4,21,125.21,351.14,8.71
Universidad,4,22,301.56,153.41,10.28
Universidad,4,23,185.17,157.49,29.25
Universidad,4,24,234.57,256.82,18.13
Universidad,4,25,287.27,166.15,10.95
Universidad,4,26,137.84,212.08,-1.88
Universidad,4,27,106.46,258.67,10.76
Universidad,4,28,414.81,121.26,23.76
Amanecer,5,1,443.49,369.57,7.92
Amanecer,5,2,404.48,216.6,-1.13
Amanecer,5,3,382.13,108.28,22.44
Amanecer,5,4,178.57,183.28,0.45
Amanecer,5,5,107.88,339.2,7.36
Amanecer,5,6,206.59,131.44,14.17
Amanecer,5,7,278.58,209.68,25.87
Amanecer,5,8,180.27,280.35,32.95
Amanecer,5,9,114.61,197.22,-0.54
Amanecer,5,10,378.55,345.19,1.9
Amanecer,5,11,200.41,142.63,14.94
Amanecer,5,12,324.39,369.15,-2.13
Amanecer,5,13,404.17,193.99,1.19
Amanecer,5,14,377.39,323.2,23.91
Amanecer,5,15,190.77,137.66,25.67
Amanecer,5,16,196.27,157.29,-2.58
Amanecer,5,17,126.25,433.65,28.66
Amanecer,5,18,101.66,232.07,3.09
Amanecer,5,19,443.3,191.66,32.17
Amanecer,5,20,297.79,378.75,21.87
Amanecer,5,21,366.74,135.31,13.33
Amanecer,5,22,180.04,244.94,23.9
Amanecer,5,23,363.76,295.75,1.87
Amanecer,5,24,202.55,264.41,20.81
Amanecer,5,25,266.76,186.8,5.18
Amanecer,5,26,365.27,291.2,34.48
Amanecer,5,27,421.82,417.79,28.43
Amanecer,5,28,282.65,182.3,-2.4
Amanecer,5,29,335.3,301.25,24.3
Centro,5,1,150.19,416.55,-2.21
Centro,5,2,366.65,449.33,-1.72
Centro,5,3,406.75,139.23,8.82
Centro,5,4,395.32,366.83,21.95
Centro,5,5,214.22,153.05,3.51
Centro,5,6,208.06,304.49,19.97
Centro,5,7,242.47,340.46,21.3
Centro,5,8,179.43,283.86,24.56
Centro,5,9,433.77,289.86,11.53
Centro,5,10,442.97,107.27,9.02
Centro,5,11,239.94,340.6,30.02
Centro,5,12,249.97,349.84,-1.33
Centro,5,13,442.77,168.95,14.27
Centro,5,14,208.74,242.35,6.49
Centro,5,15,426.54,298.71,10.5
Centro,5,16,333.77,259.89,-0.2
Centro,5,17,151.08,114.01,22.89
Centro,5,18,374.33,150.5,0.82
Centro,5,19,183.01,191.04,6.63
Centro,5,20,305.02,136.59,8.37
Centro,5,21,201.71,233.74,11.39
Centro,5,22,435.13,391.81,5.62
Centro,5,23,144.2,420.64,24.28
Centro,5,24,312.45,171.69,14.61
Centro,5,25,258.75,295.74,0.22
Centro,5,26,129.99,144.86,35.38
Centro,5,27,225.18,383.47,23.85
Centro,5,28,145.28,216.1,15.92
Centro,5,29,312.23,158.63,29.51
Pedro	Valdivia,5,1,285.71,358.67,-0.09
Pedro	Valdivia,5,2,134.18,444.25,25.65
Pedro	Valdivia,5,3,373.35,445.23,7.86
Pedro	Valdivia,5,4,174.7,450.31,25.58
Pedro	Valdivia,5,5,171.99,385.64,28.78
Pedro	Valdivia,5,6,202.5,273.67,6.98
Pedro	Valdivia,5,7,158.33,167.71,9.25
Pedro	Valdivia,5,8,342.09,406.85,23.02
Pedro	Valdivia,5,9,424.15,282.49,2.22
Pedro	Valdivia,5,10,307.05,437.18,31.96
Pedro	Valdivia,5,11,338.56,297.5,20.98
Pedro	Valdivia,5,12,337.59,358.16,27.26
Pedro	Valdivia,5,13,282.79,358.27,1.96
Pedro	Valdivia,5,14,231.7,102.65,4.18
Pedro	Valdivia,5,15,310.02,343.88,32.34
Pedro	Valdivia,5,16,340.84,174.51,27.72
Pedro	Valdivia,5,17,412.54,400.48,30.78
Pedro	Valdivia,5,18,229.33,293.22,26.28
Pedro	Valdivia,5,19,222.52,141.72,22.96
Pedro	Valdivia,5,20,389.6,289.13,13.18
Pedro	Valdivia,5,21,133.18,115.77,17.59
Pedro	Valdivia,5,22,427.99,353.11,31.3
Pedro	Valdivia,5,23,219.84,380.83,15.14
Pedro	Valdivia,5,24,289.01,114.12,29.76
Pedro	Valdivia,5,25,154.71,360.88,0.9
Pedro	Valdivia,5,26,438.82,144.72,23.19
Pedro	Valdivia,5,27,313.78,271.27,3.84
Pedro	Valdivia,5,28,435.92,183.76,-3.06
Pedro	Valdivia,5,29,381.61,344,33.18
Santa	Rosa,5,1,186.28,420.16,26.51
Santa	Rosa,5,2,236.19,432.02,26.62
Santa	Rosa,5,3,230.17,317.71,30.54
Santa	Rosa,5,4,312.78,423.82,33.79
Santa	Rosa,5,5,204.55,378.75,20.33
Santa	Rosa,5,6,154.83,293.98,17.41
Santa	Rosa,5,7,255.83,306.22,24.93
Santa	Rosa,5,8,250.46,239.45,27.81
Santa	Rosa,5,9,409.67,208.27,23.72
Santa	Rosa,5,10,201.54,342.25,1.18
Santa	Rosa,5,11,143.66,224.67,19.38
Santa	Rosa,5,12,314.56,228.43,19.21
Santa	Rosa,5,13,219.42,340.63,14.55
Santa	Rosa,5,14,230.68,234.04,9.47
Santa	Rosa,5,15,288.37,291.95,6.94
Santa	Rosa,5,16,395.19,278.36,13.93
Santa	Rosa,5,17,310.31,188.47,-2.74
Santa	Rosa,5,18,150.11,133.07,12.69
Santa	Rosa,5,19,397.23,220.77,15.21
Santa	Rosa,5,20,209.12,248.75,3.77
Santa	Rosa,5,21,341.09,400.19,29.76
Santa	Rosa,5,22,281.57,120.56,31.16
Santa	Rosa,5,23,237.89,222.14,31.73
Santa	Rosa,5,24,176.54,439.25,32.57
Santa	Rosa,5,25,391.3,177.35,4.5
Santa	Rosa,5,26,128.93,186.24,35.25
Santa	Rosa,5,27,134.9,280.09,-2.74
Santa	Rosa,5,28,365.82,271.6,9.05
Santa	Rosa,5,29,212.94,297.37,20.57
Universidad,5,1,190.09,333.28,25.35
Universidad,5,2,401.42,224.7,2.61
Universidad,5,3,193.48,103.64,4.66
Universidad,5,4,414.15,237.3,-3.59
Universidad,5,5,122.59,313.65,11.35
Universidad,5,6,430.39,244.86,19.27
Universidad,5,7,207.84,258.72,32.38
Universidad,5,8,380.02,273.87,24.97
Universidad,5,9,157.81,311.88,31.47
Universidad,5,10,154.21,282.87,0.57
Universidad,5,11,152.9,323.29,12.89
Universidad,5,12,229.54,101.6,23.05
Universidad,5,13,104.85,348.68,0.11
Universidad,5,14,354.01,158.12,4.19
Universidad,5,15,256.06,230.73,1.89
Universidad,5,16,216.88,448.38,32.94
Universidad,5,17,218.69,181.73,7.16
Universidad,5,18,350.1,216.08,6.45
Universidad,5,19,124.28,414.57,14.28
Universidad,5,20,426.47,365.19,11.4
Universidad,5,21,137.05,243.21,1.48
Universidad,5,22,231.3,245.84,26.82
Universidad,5,23,116.77,124.03,24.66
Universidad,5,24,357.6,400.24,29.28
Universidad,5,25,137.45,422.41,16.86
Universidad,5,26,366.11,179.89,21.05
Universidad,5,27,377.88,434.59,4.54
Universidad,5,28,272.51,266.56,24.86
Universidad,5,29,266.83,110.23,10.03
Amanecer,6,1,265.1,264.12,19
Amanecer,6,2,195.14,138.73,20.22
Amanecer,6,3,220.94,387.09,3.88
Amanecer,6,4,162.79,229.05,15.69
Amanecer,6,5,209.3,179.04,-1.32
Amanecer,6,6,408.99,169.52,18.44
Amanecer,6,7,411.36,193.48,3.86
Amanecer,6,8,144.82,316.38,24.42
Amanecer,6,9,398.18,401.74,28.98
Amanecer,6,10,277.29,116.53,24.86
Amanecer,6,11,138.07,133.61,-0.37
Amanecer,6,12,192.17,444.47,33.18
Amanecer,6,13,108.75,359.67,14.99
Amanecer,6,14,230.88,323.62,6.89
Amanecer,6,15,403.4,347.24,21.5
Amanecer,6,16,178.95,166.16,-1.45
Amanecer,6,17,379.86,163.65,9.07
Amanecer,6,18,152.22,159.35,27.2
Amanecer,6,19,183.46,399.9,22.41
Amanecer,6,20,378.27,116.73,35.2
Amanecer,6,21,206.81,135.5,34.99
Amanecer,6,22,147.73,335.57,-0.81
Amanecer,6,23,369.64,239.24,18.43
Amanecer,6,24,255.78,262.91,29.12
Amanecer,6,25,336.82,402.55,3.36
Amanecer,6,26,102.66,411.42,14.89
Amanecer,6,27,182.03,105.86,1.39
Amanecer,6,28,170.55,352.43,9.91
Amanecer,6,29,285.69,307.11,29.8
Amanecer,6,30,270.03,142.19,28.51
Centro,6,1,231.12,364.81,33.35
Centro,6,2,161.31,326.25,21.69
Centro,6,3,188.67,374.49,-2.6
Centro,6,4,260.8,104.99,25.94
Centro,6,5,338.88,428.88,-0.71
Centro,6,6,272.76,104.26,0.9
Centro,6,7,158.97,154.81,0.55
Centro,6,8,266.47,220.21,18.33
Centro,6,9,346.43,263.18,23.14
Centro,6,10,383.65,111.82,1.77
Centro,6,11,116.48,133.22,10.26
Centro,6,12,230.05,309.42,21.06
Centro,6,13,299.01,358.5,26.34
Centro,6,14,293.75,327.36,24.78
Centro,6,15,201.37,423.71,-0.95
Centro,6,16,143.97,147.4,13.99
Centro,6,17,445.71,238.15,6.47
Centro,6,18,438.81,260.96,7.77
Centro,6,19,270.52,388.53,30.05
Centro,6,20,301.69,434.75,25.64
Centro,6,21,418.08,126.92,31.74
Centro,6,22,262.71,419.5,20.79
Centro,6,23,241.7,127.08,27.82
Centro,6,24,189.57,162.29,19.31
Centro,6,25,426.48,382.49,30.4
Centro,6,26,101.39,322.17,26.58
Centro,6,27,432.4,417.72,7.39
Centro,6,28,363.82,216,0.01
Centro,6,29,380.94,248.74,9.76
Centro,6,30,317.22,349.33,0.12
Pedro	Valdivia,6,1,372.69,241.1,24.44
Pedro	Valdivia,6,2,184.87,358.51,22.76
Pedro	Valdivia,6,3,390.85,372.45,0.09
Pedro	Valdivia,6,4,371.13,173.59,6.48
Pedro	Valdivia,6,5,398.87,332.84,33.48
Pedro	Valdivia,6,6,341.53,393.44,23.64
Pedro	Valdivia,6,7,423.27,323.38,14
Pedro	Valdivia,6,8,167.74,149.28,18.28
Pedro	Valdivia,6,9,267.47,446.59,2.18
Pedro	Valdivia,6,10,206.72,282.27,8.71
Pedro	Valdivia,6,11,249.41,311.39,18.36
Pedro	Valdivia,6,12,220,256.4,31.53
Pedro	Valdivia,6,13,110.35,410,27.84
Pedro	Valdivia,6,14,227.06,258.67,16.75
Pedro	Valdivia,6,15,294.92,344.19,16.64
Pedro	Valdivia,6,16,334.74,301.89,-3.4
Pedro	Valdivia,6,17,295.82,169.91,13.01
Pedro	Valdivia,6,18,130.15,106.51,31.76
Pedro	Valdivia,6,19,205.88,384.66,28.02
Pedro	Valdivia,6,20,248.12,263.61,34.35
Pedro	Valdivia,6,21,434.29,374.69,12.73
Pedro	Valdivia,6,22,364.7,186.19,-3.98
Pedro	Valdivia,6,23,208.71,162.73,8.86
Pedro	Valdivia,6,24,253.52,406.54,33.09
Pedro	Valdivia,6,25,237.68,344.79,10.37
Pedro	Valdivia,6,26,327.65,170.91,35.6
Pedro	Valdivia,6,27,328.92,156.49,0.8
Pedro	Valdivia,6,28,279.82,213.15,30.6
Pedro	Valdivia,6,29,173.66,425.74,-2.29
Pedro	Valdivia,6,30,207.36,413.35,28.29
Santa	Rosa,6,1,132.44,321.15,15.64
Santa	Rosa,6,2,426.56,172.94,6.54
Santa	Rosa,6,3,270.7,208.83,8.48
Santa	Rosa,6,4,346.23,341.36,-2.13
Santa	Rosa,6,5,205.54,420.69,3.57
Santa	Rosa,6,6,289.68,379.34,24.32
Santa	Rosa,6,7,339.96,391.59,-2.24
Santa	Rosa,6,8,174.37,365.36,10.71
Santa	Rosa,6,9,423.02,400.3,8.39
Santa	Rosa,6,10,393.4,209.56,6.05
Santa	Rosa,6,11,198.15,134.19,-0.09
Santa	Rosa,6,12,369.68,314.3,30.3
Santa	Rosa,6,13,391.77,340.19,5.75
Santa	Rosa,6,14,395.16,366.44,8.95
Santa	Rosa,6,15,361.18,415.31,9.42
Santa	Rosa,6,16,144.26,170.34,0.43
Santa	Rosa,6,17,109.4,157.16,27.01
Santa	Rosa,6,18,174.72,295.41,14.18
Santa	Rosa,6,19,360.46,433.47,22.19
Santa	Rosa,6,20,139.9,426.82,20.26
Santa	Rosa,6,21,357.47,240.38,22.54
Santa	Rosa,6,22,103.03,438.85,5.56
Santa	Rosa,6,23,440.64,188.28,-0.81
Santa	Rosa,6,24,113.62,292.62,29.2
Santa	Rosa,6,25,166.87,320.63,30.79
Santa	Rosa,6,26,283.17,291.38,20.61
Santa	Rosa,6,27,145.38,369.33,17.98
Santa	Rosa,6,28,339.86,258.36,11.49
Santa	Rosa,6,29,104.32,336.86,2.45
Santa	Rosa,6,30,365.44,292.2,12.72
Universidad,6,1,255.92,371.94,8.51
Universidad,6,2,150.42,174.15,10.8
Universidad,6,3,401.9,326.47,19.39
Universidad,6,4,373.25,134.65,-0.26
Universidad,6,5,159.46,123.26,12.89
Universidad,6,6,428.11,314.44,19.26
Universidad,6,7,337.52,139.15,35.19
Universidad,6,8,100.85,264.52,8.27
Universidad,6,9,302.54,373.5,-3.37
Universidad,6,10,194.31,259.44,24.78
Universidad,6,11,286.92,115.24,34.21
Universidad,6,12,363.46,367.7,1.66
Universidad,6,13,439.81,201.7,18.76
Universidad,6,14,320.94,431.44,12.83
Universidad,6,15,185.45,204.52,4.98
Universidad,6,16,407.31,250.68,12.99
Universidad,6,17,241.97,102.58,33.1
Universidad,6,18,419.56,140.2,28.01
Universidad,6,19,281.05,343.78,33.89
Universidad,6,20,127.75,387.01,35.68
Universidad,6,21,349.81,210.02,4.44
Universidad,6,22,254.26,118.99,-2.24
Universidad,6,23,158.29,208.67,12.28
Universidad,6,24,243.36,414.71,18.52
Universidad,6,25,390.79,231.99,26.59
Universidad,6,26,149.65,218.37,-0.35
Universidad,6,27,262.04,292.1,17.81
Universidad,6,28,418.83,212.88,11.48
Universidad,6,29,115.73,367.61,35.33
Universidad,6,30,352.01,313.42,34.32
Amanecer,7,1,144.99,179.11,22.57
Amanecer,7,2,374.57,298.03,3.25
Amanecer,7,3,223.47,259.79,16.32
Amanecer,7,4,358.7,294.68,25.99
Amanecer,7,5,424.1,347.17,16.46
Amanecer,7,6,197.46,255.27,25.12
Amanecer,7,7,212.17,320.41,11.7
Amanecer,7,8,423.77,286.49,12.71
Amanecer,7,9,303.81,428.64,19.34
Amanecer,7,10,420.68,300.57,34.68
Amanecer,7,11,283.93,122.72,30.17
Amanecer,7,12,426.58,206.15,32.27
Amanecer,7,13,346.03,178.52,27.87
Amanecer,7,14,350.67,432.99,18.15
Amanecer,7,15,201.77,256.61,21.87
Amanecer,7,16,336.68,415.43,29.73
Amanecer,7,17,229.99,179.66,23.98
Amanecer,7,18,197.22,412.94,24.83
Amanecer,7,19,129.79,270.62,13.92
Amanecer,7,20,423.13,386.59,10.07
Amanecer,7,21,129.75,373.15,6.77
Amanecer,7,22,217.16,164.96,12.91
Amanecer,7,23,110.49,208.6,20.14
Amanecer,7,24,214.78,149.61,-2.24
Amanecer,7,25,290.51,414.95,26.19
Amanecer,7,26,436.45,177.93,9.17
Amanecer,7,27,155.47,344.71,-2.45
Amanecer,7,28,247.48,278.83,14.85
Amanecer,7,29,218.04,157.03,9.27
Amanecer,7,30,311.71,194.76,33.03
Centro,7,1,278.04,294.23,15.62
Centro,7,2,266.9,400.11,29.79
Centro,7,3,212.71,338.6,7.68
Centro,7,4,259.66,254.7,19.66
Centro,7,5,168.11,124.48,12.08
Centro,7,6,218.79,399.41,-2.63
Centro,7,7,314.6,142.69,29.35
Centro,7,8,375.82,411.15,7.35
Centro,7,9,372.53,307.03,22.17
Centro,7,10,282.98,136.42,14.98
Centro,7,11,361.08,369.89,25
Centro,7,12,273.48,330.05,-3.89
Centro,7,13,244.74,257.55,16.85
Centro,7,14,385.82,415.57,2.45
Centro,7,15,385.53,190.32,-1.65
Centro,7,16,338.3,427.03,28.93
Centro,7,17,114.03,272.87,30.66
Centro,7,18,308.07,353.57,16.48
Centro,7,19,183.37,127.53,27.21
Centro,7,20,319.1,352.42,9.91
Centro,7,21,415.26,310.73,11.38
Centro,7,22,378.09,364.18,8.45
Centro,7,23,368,207.75,19.36
Centro,7,24,278.92,107.17,31.71
Centro,7,25,423.23,380.55,3.91
Centro,7,26,164.14,117.72,34.85
Centro,7,27,423.37,448.85,14.42
Centro,7,28,407.58,333.49,24.25
Centro,7,29,211.05,100.87,1.21
Centro,7,30,122.96,114.91,8.17
Pedro	Valdivia,7,1,344.47,228.55,35.48
Pedro	Valdivia,7,2,131.93,221.96,10.34
Pedro	Valdivia,7,3,303.84,330.48,34.55
Pedro	Valdivia,7,4,153.76,188.08,28.63
Pedro	Valdivia,7,5,431.06,216.12,33.33
Pedro	Valdivia,7,6,257.69,429.17,18.21
Pedro	Valdivia,7,7,247.22,377.29,1.51
Pedro	Valdivia,7,8,302.53,181.37,27.87
Pedro	Valdivia,7,9,397.63,120.81,11.62
Pedro	Valdivia,7,10,447.82,230.34,21.23
Pedro	Valdivia,7,11,229.97,214.77,16.75
Pedro	Valdivia,7,12,445.16,340.46,25.72
Pedro	Valdivia,7,13,413.68,138.39,22.04
Pedro	Valdivia,7,14,347.44,371.74,21.35
Pedro	Valdivia,7,15,448.6,203.43,2.16
Pedro	Valdivia,7,16,242.16,412.18,-2.01
Pedro	Valdivia,7,17,156.35,228.07,29.76
Pedro	Valdivia,7,18,249.86,300.77,15.02
Pedro	Valdivia,7,19,260.19,311.43,17.03
Pedro	Valdivia,7,20,167.83,443.05,23.15
Pedro	Valdivia,7,21,161.34,240.78,-1.86
Pedro	Valdivia,7,22,178.7,249.42,11.95
Pedro	Valdivia,7,23,155.91,194.81,2.86
Pedro	Valdivia,7,24,152.61,275.88,10.44
Pedro	Valdivia,7,25,143.81,151.34,27.69
Pedro	Valdivia,7,26,278.87,436.89,6.09
Pedro	Valdivia,7,27,318.78,170.53,14.62
Pedro	Valdivia,7,28,258.86,230.66,4.53
Pedro	Valdivia,7,29,256.54,401.42,13.62
Pedro	Valdivia,7,30,108.87,197.96,0.43
Santa	Rosa,7,1,112.95,440.21,8.37
Santa	Rosa,7,2,158.89,141.72,11.43
Santa	Rosa,7,3,383.33,215.6,-3.85
Santa	Rosa,7,4,298.45,376.47,34.07
Santa	Rosa,7,5,258.92,206.23,16.58
Santa	Rosa,7,6,292.24,415.19,23.91
Santa	Rosa,7,7,449.1,322.03,27.88
Santa	Rosa,7,8,201.84,331.76,-1.04
Santa	Rosa,7,9,353.48,294.59,6.81
Santa	Rosa,7,10,117.64,117.7,31.23
Santa	Rosa,7,11,267.93,303.79,1.23
Santa	Rosa,7,12,351.72,211.02,29.37
Santa	Rosa,7,13,339.07,392.12,18.84
Santa	Rosa,7,14,333.72,269.55,20.93
Santa	Rosa,7,15,372.59,158.82,31.65
Santa	Rosa,7,16,225,202.04,23.41
Santa	Rosa,7,17,255.4,354.17,25.85
Santa	Rosa,7,18,176.71,272.03,-3.77
Santa	Rosa,7,19,408.45,309.16,10.11
Santa	Rosa,7,20,284.27,335.75,6.52
Santa	Rosa,7,21,320.54,449.57,23.31
Santa	Rosa,7,22,294.05,320.89,8.46
Santa	Rosa,7,23,173.74,387.57,27.14
Santa	Rosa,7,24,260.67,384.22,18.07
Santa	Rosa,7,25,295.47,348.08,26.08
Santa	Rosa,7,26,294.63,219.01,13.57
Santa	Rosa,7,27,278.86,333.95,26.24
Santa	Rosa,7,28,346.59,344.42,5.66
Santa	Rosa,7,29,249.4,125.76,7.65
Santa	Rosa,7,30,105.82,333.97,18.12
Universidad,7,1,272.97,301.49,33.81
Universidad,7,2,166.07,350.32,13.71
Universidad,7,3,327.75,344.77,34.78
Universidad,7,4,316.41,307.26,-0.83
Universidad,7,5,400.83,299.99,35.04
Universidad,7,6,156.74,102.74,26.5
Universidad,7,7,178.58,428.39,11.31
Universidad,7,8,426.06,429.43,22.82
Universidad,7,9,340.88,400.91,27.38
Universidad,7,10,384.9,339.56,1.01
Universidad,7,11,100.12,175.52,-2.31
Universidad,7,12,162.44,335.15,29.47
Universidad,7,13,349.81,307.69,5.5
Universidad,7,14,101.11,387.01,-2.35
Universidad,7,15,125.21,137.24,9.33
Universidad,7,16,296.79,368.55,11.64
Universidad,7,17,316.66,107.48,27.2
Universidad,7,18,361.9,142.69,13.57
Universidad,7,19,254.87,302.2,-0.88
Universidad,7,20,269.76,386.95,7.69
Universidad,7,21,339.49,319.51,21.54
Universidad,7,22,394.68,241.19,18.61
Universidad,7,23,149.27,378.14,21.15
Universidad,7,24,292.41,123.24,24.18
Universidad,7,25,405.08,252.83,27.32
Universidad,7,26,239.85,247.94,-0.36
Universidad,7,27,285.29,443.48,32.02
Universidad,7,28,268.82,124.84,6.52
Universidad,7,29,443.99,196.66,-2.11
Universidad,7,30,138.62,256.95,18.31
Amanecer,8,1,236.48,446.45,19.9
Amanecer,8,2,175.63,158.1,27.89
Amanecer,8,3,136.01,143.49,18.99
Amanecer,8,4,287.44,359.94,29.79
Amanecer,8,5,380.29,195.72,-3.89
Amanecer,8,6,175.02,221.47,0.52
Amanecer,8,7,110.73,409.65,31.95
Amanecer,8,8,340.46,420.95,17.95
Amanecer,8,9,246.7,220.33,-2.74
Amanecer,8,10,442.61,329.26,7.66
Amanecer,8,11,446.53,410,26.4
Amanecer,8,12,183.18,401.08,2.43
Amanecer,8,13,180.96,306.74,2.7
Amanecer,8,14,294.64,245.31,10.24
Amanecer,8,15,245.09,364.52,9.32
Amanecer,8,16,412.44,450.06,20.62
Amanecer,8,17,382.45,171.51,15.51
Amanecer,8,18,131.06,382.56,18.44
Amanecer,8,19,103.83,330.45,9.15
Amanecer,8,20,407.39,188.08,30.99
Amanecer,8,21,352.89,354.02,9.18
Amanecer,8,22,266.09,282.98,27.12
Amanecer,8,23,369.78,147.25,10.95
Amanecer,8,24,307.25,375.05,34.2
Amanecer,8,25,260.9,205.29,8.67
Amanecer,8,26,119.82,387.77,35.99
Amanecer,8,27,152.03,407.94,7.37
Amanecer,8,28,183.55,291.07,16.19
Amanecer,8,29,220.23,424.44,4.14
Amanecer,8,30,147.19,282.6,1.93
Centro,8,1,433.13,169.55,0.66
Centro,8,2,284.01,245.88,28.55
Centro,8,3,360.87,124.32,19.18
Centro,8,4,358,311.92,18.5
Centro,8,5,245.45,377.99,5.03
Centro,8,6,322.62,312.61,-2.36
Centro,8,7,164.62,413.02,24.03
Centro,8,8,122.86,328.44,13.91
Centro,8,9,179.91,110.03,17.38
Centro,8,10,397.46,413.19,-1.1
Centro,8,11,198.15,310.49,32.6
Centro,8,12,285.37,111.07,22.65
Centro,8,13,405.92,311.38,32.33
Centro,8,14,104.23,416.4,0.64
Centro,8,15,124.81,249.3,21.47
Centro,8,16,426.96,364.02,21.78
Centro,8,17,426.18,258.05,-1.54
Centro,8,18,347.77,346.32,2.59
Centro,8,19,261.44,223.06,25.35
Centro,8,20,341.37,266.22,2.86
Centro,8,21,407.02,240.24,20.26
Centro,8,22,259.83,298.39,20.68
Centro,8,23,257.85,207.55,11.28
Centro,8,24,235.1,163.59,22.62
Centro,8,25,414.03,413.82,19.11
Centro,8,26,238.69,216.02,11.31
Centro,8,27,318.76,330.37,12.93
Centro,8,28,228.67,412.32,26.93
Centro,8,29,221.62,338.7,35.71
Centro,8,30,330.49,439.36,-0.7
Pedro	Valdivia,8,1,346.33,313.73,15.27
Pedro	Valdivia,8,2,228,236.99,21.41
Pedro	Valdivia,8,3,286.22,170.79,8.49
Pedro	Valdivia,8,4,365.67,380.19,11.55
Pedro	Valdivia,8,5,376.99,180.63,27.34
Pedro	Valdivia,8,6,301.51,137.74,-0.34
Pedro	Valdivia,8,7,377.82,404.55,9.27
Pedro	Valdivia,8,8,342.75,167.53,6.29
Pedro	Valdivia,8,9,359.88,245.87,34.01
Pedro	Valdivia,8,10,102.71,283.8,29.19
Pedro	Valdivia,8,11,202.5,160,26.47
Pedro	Valdivia,8,12,364.12,137.81,5.63
Pedro	Valdivia,8,13,239.06,109.24,25.87
Pedro	Valdivia,8,14,363.48,252.13,2.14
Pedro	Valdivia,8,15,122.05,224.19,10.36
Pedro	Valdivia,8,16,111.82,313.33,28.08
Pedro	Valdivia,8,17,237.25,430.87,19.43
Pedro	Valdivia,8,18,277.59,342.35,18.43
Pedro	Valdivia,8,19,139.09,365.67,1.89
Pedro	Valdivia,8,20,360.52,269.32,1.59
Pedro	Valdivia,8,21,254.81,230.05,33.48
Pedro	Valdivia,8,22,356.7,196.22,-0.08
Pedro	Valdivia,8,23,322.7,269.49,32.49
Pedro	Valdivia,8,24,323.74,444.93,34.22
Pedro	Valdivia,8,25,178.16,208.96,30.3
Pedro	Valdivia,8,26,217.19,173.88,19.48
Pedro	Valdivia,8,27,410.47,424.14,5.27
Pedro	Valdivia,8,28,186.34,189.77,25.5
Pedro	Valdivia,8,29,421.5,248.61,8.62
Pedro	Valdivia,8,30,384.98,417.32,35.84
Santa	Rosa,8,1,253.76,300.51,2.16
Santa	Rosa,8,2,345.84,278.38,16.77
Santa	Rosa,8,3,114.07,331.35,12.93
Santa	Rosa,8,4,385.8,242.01,17.9
Santa	Rosa,8,5,365.31,262.68,32.37
Santa	Rosa,8,6,371.18,323.84,11.54
Santa	Rosa,8,7,405.84,247.01,11.11
Santa	Rosa,8,8,127.53,183.23,1.47
Santa	Rosa,8,9,118.82,160.92,15.68
Santa	Rosa,8,10,437.97,314.65,8.85
Santa	Rosa,8,11,219.1,381.35,18.41
Santa	Rosa,8,12,170.43,276.67,29.63
Santa	Rosa,8,13,345.89,364.01,-3.4
Santa	Rosa,8,14,283.59,215.8,21.22
Santa	Rosa,8,15,280.45,280.11,24.02
Santa	Rosa,8,16,416.38,275.14,5
Santa	Rosa,8,17,338.86,402.41,35.9
Santa	Rosa,8,18,239.57,403.27,-0.97
Santa	Rosa,8,19,264.05,352.23,2.45
Santa	Rosa,8,20,227.72,310.36,8.3
Santa	Rosa,8,21,146.38,263.05,18.8
Santa	Rosa,8,22,351.36,185.17,9.75
Santa	Rosa,8,23,157.2,208.08,-2.4
Santa	Rosa,8,24,140.76,115.3,4.68
Santa	Rosa,8,25,311.82,434.94,30.9
Santa	Rosa,8,26,437.52,290.83,15.96
Santa	Rosa,8,27,167.25,117.03,-1.4
Santa	Rosa,8,28,387.19,123.45,30.22
Santa	Rosa,8,29,170.66,303.19,32.71
Santa	Rosa,8,30,397.74,130.92,11.03
Universidad,8,1,309.68,142.75,18.9
Universidad,8,2,189.31,376.16,18.15
Universidad,8,3,166.39,196.58,10.78
Universidad,8,4,187.34,209.05,30.91
Universidad,8,5,256.17,338.22,25.78
Universidad,8,6,427.07,421.85,2.11
Universidad,8,7,217.12,263.76,3.22
Universidad,8,8,344.48,143.62,7.64
Universidad,8,9,294.65,210.66,-2.74
Universidad,8,10,417.77,383.99,30.18
Universidad,8,11,384.52,234.54,22.02
Universidad,8,12,341.08,346.72,17.54
Universidad,8,13,375.42,284.7,21.19
Universidad,8,14,366.42,144.17,22.32
Universidad,8,15,225.04,399.12,-1.54
Universidad,8,16,377.81,137.47,8.87
Universidad,8,17,258.95,368,17.15
Universidad,8,18,140.77,403.28,33.25
Universidad,8,19,448.84,275.89,27.58
Universidad,8,20,218.55,406.27,25.24
Universidad,8,21,260.19,356.32,27.42
Universidad,8,22,391.95,234.62,7.44
Universidad,8,23,384.62,333.29,13.43
Universidad,8,24,278.05,174.5,-3.85
Universidad,8,25,186.3,147.09,32.8
Universidad,8,26,300.58,144.71,26.71
Universidad,8,27,177.23,179.83,15.71
Universidad,8,28,407.24,133.22,29.3
Universidad,8,29,370.96,231.48,26.45
Universidad,8,30,284.85,420.31,-2.66
Amanecer,9,1,248.23,432.2,24.77
Amanecer,9,2,446.66,442.94,27.32
Amanecer,9,3,209.55,375.58,18.34
Amanecer,9,4,365.74,405.53,14.15
Amanecer,9,5,397.38,443.72,2.29
Amanecer,9,6,146.67,227.32,2.87
Amanecer,9,7,217.94,327.31,26.34
Amanecer,9,8,404.88,252.38,25.23
Amanecer,9,9,128.35,119.42,6.88
Amanecer,9,10,179.67,371.06,15.67
Amanecer,9,11,207.54,382.93,22.02
Amanecer,9,12,350.23,144.21,18.6
Amanecer,9,13,213.54,357.6,28.93
Amanecer,9,14,153.93,296.71,11.8
Amanecer,9,15,338.96,117.24,2.56
Amanecer,9,16,330.77,195.46,2.11
Amanecer,9,17,412.96,447.29,2.74
Amanecer,9,18,353.79,249.41,14.49
Amanecer,9,19,119.93,202.54,24.4
Amanecer,9,20,389.1,433.81,10.96
Amanecer,9,21,311.21,216.28,20.26
Amanecer,9,22,373.15,241.29,27.42
Amanecer,9,23,218.83,300.29,5.03
Amanecer,9,24,435.43,336.07,4.59
Amanecer,9,25,113.13,446.56,29.36
Amanecer,9,26,296.82,115.65,11.87
Amanecer,9,27,449.84,193.39,13.79
Amanecer,9,28,316.48,380.65,10.51
Amanecer,9,29,247.67,364.59,11.79
Amanecer,9,30,158.25,313.13,28.21
Centro,9,1,224.14,314.62,13.3
Centro,9,2,226.71,404.85,0.63
Centro,9,3,448.5,436.55,0.98
Centro,9,4,330.63,424.32,15.84
Centro,9,5,266.32,163.22,32.52
Centro,9,6,312.17,144.26,14.39
Centro,9,7,432.28,115.53,21.24
Centro,9,8,171.92,412.49,10.5
Centro,9,9,404.87,197.7,15.24
Centro,9,10,323.08,137.59,-3.22
Centro,9,11,192.02,175.05,26.67
Centro,9,12,241.75,231.01,1.94
Centro,9,13,361.66,107.9,19.26
Centro,9,14,146.21,240.88,11.7
Centro,9,15,241.83,100.77,21.38
Centro,9,16,343.48,372.51,29.66
Centro,9,17,263.61,311.6,6.49
Centro,9,18,137.17,220.65,0
Centro,9,19,255.22,391.64,10.67
Centro,9,20,230.16,219.44,35.05
Centro,9,21,285.49,234.07,30.63
Centro,9,22,449.43,444.74,0.34
Centro,9,23,395.44,118.4,20.53
Centro,9,24,137.09,102.26,31.64
Centro,9,25,243.75,265.64,26.87
Centro,9,26,425.67,396.62,4.85
Centro,9,27,412.33,273.3,30.38
Centro,9,28,187.23,209.61,6.8
Centro,9,29,303.09,147.8,3.13
Centro,9,30,443.84,298.47,21.62
Pedro	Valdivia,9,1,427.72,122.75,18.05
Pedro	Valdivia,9,2,136.22,173.14,8.42
Pedro	Valdivia,9,3,356.07,281.81,28.28
Pedro	Valdivia,9,4,202.25,420.56,1
Pedro	Valdivia,9,5,199.51,260.14,22.45
Pedro	Valdivia,9,6,387.09,142.34,23.19
Pedro	Valdivia,9,7,146.27,421.33,-3.76
Pedro	Valdivia,9,8,419.13,253.89,18.26
Pedro	Valdivia,9,9,305.45,293.64,-0.62
Pedro	Valdivia,9,10,373.94,314.26,31.2
Pedro	Valdivia,9,11,450.03,206.14,10.88
Pedro	Valdivia,9,12,219.28,147.95,21.3
Pedro	Valdivia,9,13,376.3,344.86,15.95
Pedro	Valdivia,9,14,432.35,312.73,2.63
Pedro	Valdivia,9,15,330.28,195.37,20.92
Pedro	Valdivia,9,16,427.64,447.03,19.89
Pedro	Valdivia,9,17,110.24,205.8,23.57
Pedro	Valdivia,9,18,214.05,210.48,26.61
Pedro	Valdivia,9,19,406.31,295.14,8.55
Pedro	Valdivia,9,20,154.77,100.02,7.4
Pedro	Valdivia,9,21,217.62,152.59,20.44
Pedro	Valdivia,9,22,168.56,409.34,24.2
Pedro	Valdivia,9,23,324.62,382.63,34.59
Pedro	Valdivia,9,24,172.67,253.46,31.07
Pedro	Valdivia,9,25,237.53,423.49,14.31
Pedro	Valdivia,9,26,326.96,253.21,2.26
Pedro	Valdivia,9,27,432.65,414.72,34.26
Pedro	Valdivia,9,28,378.13,279.48,1.04
Pedro	Valdivia,9,29,178.86,226.38,-2
Pedro	Valdivia,9,30,225.14,292.2,21.89
Santa	Rosa,9,1,437.64,433.66,22.35
Santa	Rosa,9,2,289.37,396.15,26.59
Santa	Rosa,9,3,374.59,437.28,12.78
Santa	Rosa,9,4,392.57,449.56,16.13
Santa	Rosa,9,5,392.49,295.48,9.24
Santa	Rosa,9,6,376.2,157.86,3.66
Santa	Rosa,9,7,438,115.73,34.77
Santa	Rosa,9,8,231.54,230.81,6.9
Santa	Rosa,9,9,311.6,178.13,31.38
Santa	Rosa,9,10,148.52,280.54,4.59
Santa	Rosa,9,11,199.32,330.21,25.44
Santa	Rosa,9,12,323.18,281.09,17.84
Santa	Rosa,9,13,402.91,213.76,4.45
Santa	Rosa,9,14,401.23,425.97,21.11
Santa	Rosa,9,15,351.04,446.65,25.78
Santa	Rosa,9,16,315.94,365.49,23.95
Santa	Rosa,9,17,290.29,249.5,1.81
Santa	Rosa,9,18,449.51,240.52,13.68
Santa	Rosa,9,19,337.32,273.85,12.81
Santa	Rosa,9,20,330.26,118.94,-3.12
Santa	Rosa,9,21,270.74,418.35,10.79
Santa	Rosa,9,22,444.43,297.86,29.69
Santa	Rosa,9,23,153.63,235.91,24.27
Santa	Rosa,9,24,298.74,370.45,5.1
Santa	Rosa,9,25,228.31,266.63,0.62
Santa	Rosa,9,26,437.33,140.88,26.71
Santa	Rosa,9,27,442.98,408.27,4.38
Santa	Rosa,9,28,112.08,411.89,22.7
Santa	Rosa,9,29,179.07,120.92,18.52
Santa	Rosa,9,30,365.22,438.27,35.1
Universidad,9,1,237.47,186.18,-0.22
Universidad,9,2,170.72,186.9,33.81
Universidad,9,3,101.39,363.06,9.05
Universidad,9,4,304.35,341.87,9.21
Universidad,9,5,251.08,342.85,35.8
Universidad,9,6,381.93,165.45,-3.49
Universidad,9,7,362.24,233.55,30.46
Universidad,9,8,245.85,441.06,22.14
Universidad,9,9,224.12,376.53,30.36
Universidad,9,10,172.43,207.33,15.15
Universidad,9,11,306.94,377.21,3.3
Universidad,9,12,402.01,431.89,3.84
Universidad,9,13,421.91,450.16,9.59
Universidad,9,14,290.93,305.08,-2.32
Universidad,9,15,383.74,360.85,8.22
Universidad,9,16,115.99,447.19,25.74
Universidad,9,17,125.46,235.11,26.03
Universidad,9,18,380.21,318.11,24.49
Universidad,9,19,287.08,364.84,19.25
Universidad,9,20,415.26,264.64,0.65
Universidad,9,21,410.61,354.01,28.7
Universidad,9,22,336.3,298.43,27.93
Universidad,9,23,182.68,379.67,6.03
Universidad,9,24,394.23,391.2,15.29
Universidad,9,25,218.28,421.85,23.53
Universidad,9,26,290.65,245.98,31.11
Universidad,9,27,139.81,342.32,-1.11
Universidad,9,28,434.18,173.15,9.34
Universidad,9,29,145.35,259.62,19.25
Universidad,9,30,260.18,173.66,33.46
Amanecer,10,1,133.66,313.63,-3.72
Amanecer,10,2,374.91,404.26,19.38
Amanecer,10,3,326.33,242.48,23.77
Amanecer,10,4,324.86,233.95,22.75
Amanecer,10,5,135.33,436.98,18.95
Amanecer,10,6,254.14,408.85,28
Amanecer,10,7,140.03,289.79,7.64
Amanecer,10,8,212.74,413.31,19.74
Amanecer,10,9,162.09,425.78,21.75
Amanecer,10,10,262.26,231.44,18.79
Amanecer,10,11,328.24,302.33,26.2
Amanecer,10,12,341.41,194.69,27.48
Amanecer,10,13,352.76,181.32,11.7
Amanecer,10,14,420.72,270.14,21.65
Amanecer,10,15,199.11,420.79,20.99
Amanecer,10,16,113.65,344.86,18.41
Amanecer,10,17,422.06,129.06,14.3
Amanecer,10,18,231.12,273.69,27.23
Amanecer,10,19,217.93,125.94,34.7
Amanecer,10,20,122.8,338.37,28.42
Amanecer,10,21,155.26,244.39,8.66
Amanecer,10,22,435.23,277.91,1.77
Amanecer,10,23,360.63,171.14,26.65
Amanecer,10,24,154.36,229.33,-0.98
Amanecer,10,25,341.37,339.92,22.1
Amanecer,10,26,289.34,279.56,15.13
Amanecer,10,27,306.28,113.31,12.76
Amanecer,10,28,154.78,350.78,31.94
Amanecer,10,29,432.57,283.86,1.36
Centro,10,1,233.04,310.33,11.61
Centro,10,2,387.45,386.09,6.34
Centro,10,3,436.19,363.75,29
Centro,10,4,302.67,364.88,3.69
Centro,10,5,374.22,393.86,2.83
Centro,10,6,396.66,386.63,26.21
Centro,10,7,320.47,133.57,29.16
Centro,10,8,295.99,284.32,27.53
Centro,10,9,112.32,124.15,25.97
Centro,10,10,174.2,232.52,24.42
Centro,10,11,284.21,228.21,26.55
Centro,10,12,369.39,111.07,35.37
Centro,10,13,230.59,376,5.2
Centro,10,14,245.5,245.91,2.29
Centro,10,15,449.64,144.06,21.02
Centro,10,16,274.03,430.49,7.12
Centro,10,17,256.38,358.59,21.11
Centro,10,18,381.56,264.4,-2.68
Centro,10,19,144.65,164.74,11.14
Centro,10,20,153.75,324.94,9.65
Centro,10,21,295.43,278.77,29.02
Centro,10,22,424.65,387.55,22.59
Centro,10,23,222.23,150.59,-0.38
Centro,10,24,258.67,381.62,15.56
Centro,10,25,430.75,128.34,8.71
Centro,10,26,124.18,311.16,12.85
Centro,10,27,118.69,384.71,19.58
Centro,10,28,422.54,198.14,24.65
Centro,10,29,419.99,342.11,22.5
Pedro	Valdivia,10,1,266.1,153.8,11.38
Pedro	Valdivia,10,2,379.75,313.51,2.94
Pedro	Valdivia,10,3,220.59,122.46,27.72
Pedro	Valdivia,10,4,383.1,310.11,9.26
Pedro	Valdivia,10,5,173.76,329.07,8.03
Pedro	Valdivia,10,6,334.59,159.82,-3.3
Pedro	Valdivia,10,7,283.86,238.92,23.2
Pedro	Valdivia,10,8,274.49,255.58,24.76
Pedro	Valdivia,10,9,178.95,150.23,19.04
Pedro	Valdivia,10,10,278.15,269.81,15.8
Pedro	Valdivia,10,11,355.39,109.05,2.59
Pedro	Valdivia,10,12,100.15,304.34,19.87
Pedro	Valdivia,10,13,315.96,341.28,20.27
Pedro	Valdivia,10,14,151.41,397.76,26.97
Pedro	Valdivia,10,15,124.63,390.6,12.02
Pedro	Valdivia,10,16,388.13,402.88,5.66
Pedro	Valdivia,10,17,300.1,209.7,8.12
Pedro	Valdivia,10,18,235.42,330.5,23.4
Pedro	Valdivia,10,19,142.9,298.91,28.98
Pedro	Valdivia,10,20,102.17,100.84,10.64
Pedro	Valdivia,10,21,323.68,281.92,33.69
Pedro	Valdivia,10,22,226.26,421.63,9.92
Pedro	Valdivia,10,23,374.59,221.99,31.02
Pedro	Valdivia,10,24,419.5,202.51,34.42
Pedro	Valdivia,10,25,282.24,184.03,33.28
Pedro	Valdivia,10,26,424.19,380.47,3.06
Pedro	Valdivia,10,27,308.87,186.64,0.37
Pedro	Valdivia,10,28,248.72,137.91,2.79
Pedro	Valdivia,10,29,288.63,162.56,10.2
Santa	Rosa,10,1,174.92,329.26,12.78
Santa	Rosa,10,2,213.06,266.49,16.14
Santa	Rosa,10,3,257.31,399.92,14.2
Santa	Rosa,10,4,278.43,414.01,27.38
Santa	Rosa,10,5,224.5,429.95,26.86
Santa	Rosa,10,6,162.11,279.68,13.37
Santa	Rosa,10,7,402.59,411.61,17.4
Santa	Rosa,10,8,172.2,252.29,15.12
Santa	Rosa,10,9,229.35,272.4,26.98
Santa	Rosa,10,10,109.69,345.93,5.41
Santa	Rosa,10,11,312.3,380.51,17.07
Santa	Rosa,10,12,424.35,295.73,11.39
Santa	Rosa,10,13,382.69,240.98,16.47
Santa	Rosa,10,14,303.9,389.9,34.23
Santa	Rosa,10,15,146.59,392.76,16.83
Santa	Rosa,10,16,218.2,241.63,0.81
Santa	Rosa,10,17,333.16,238.72,19.63
Santa	Rosa,10,18,293.11,438.01,5
Santa	Rosa,10,19,116.35,191.13,30.22
Santa	Rosa,10,20,144.82,250.12,13.36
Santa	Rosa,10,21,272.77,153.21,7.7
Santa	Rosa,10,22,412.84,432.23,26.52
Santa	Rosa,10,23,331.61,412.95,32.23
Santa	Rosa,10,24,341.71,129.16,26.17
Santa	Rosa,10,25,231.84,396.86,4.83
Santa	Rosa,10,26,146.32,239.17,26.89
Santa	Rosa,10,27,406.17,129.05,34.62
Santa	Rosa,10,28,154.86,162.98,2.29
Santa	Rosa,10,29,342.42,407.48,7.73
Universidad,10,1,338.72,201.65,25.79
Universidad,10,2,245.89,171.02,5.85
Universidad,10,3,372.7,224.3,5.12
Universidad,10,4,156.1,331,14.68
Universidad,10,5,367.24,235.64,20.75
Universidad,10,6,200.59,290.85,14.7
Universidad,10,7,149.61,192.45,23.1
Universidad,10,8,433.58,408.93,14.44
Universidad,10,9,156.91,261.34,0.07
Universidad,10,10,204.4,366.99,24.15
Universidad,10,11,323.37,175.71,22.4
Universidad,10,12,446.04,290.36,20.31
Universidad,10,13,181.15,120.09,24.84
Universidad,10,14,212.19,227.93,31.36
Universidad,10,15,204.09,424.34,26.69
Universidad,10,16,225.47,102.73,30.82
Universidad,10,17,430.76,104.04,34.76
Universidad,10,18,311.67,402.02,22.39
Universidad,10,19,220.21,348.53,33.11
Universidad,10,20,231.39,414.91,11.19
Universidad,10,21,244.2,404.65,9.42
Universidad,10,22,316.5,279.01,35.45
Universidad,10,23,400.11,382.62,23.82
Universidad,10,24,194.92,395.15,29.02
Universidad,10,25,326.88,306.27,34.97
Universidad,10,26,416.15,356.92,24.54
Universidad,10,27,445.4,189.47,0.55
Universidad,10,28,403.04,319.65,34.12
Universidad,10,29,447.68,320.63,30.4
Amanecer,11,1,162.6,305.91,26.89
Amanecer,11,2,164.38,147.54,18.56
Amanecer,11,3,329.26,323.18,26.83
Amanecer,11,4,204.76,230.98,13.68
Amanecer,11,5,322.75,332.41,33.72
Amanecer,11,6,339.1,319.78,32.59
Amanecer,11,7,168.12,367.8,35.81
Amanecer,11,8,154.62,248.67,-2.97
Amanecer,11,9,271.68,404.29,11.31
Amanecer,11,10,298.98,341.22,35.38
Amanecer,11,11,287.98,125.34,15.81
Amanecer,11,12,276.16,238.31,4.31
Amanecer,11,13,235.09,401.55,14.45
Amanecer,11,14,285.41,124.58,32.02
Amanecer,11,15,275.74,284.53,12.82
Amanecer,11,16,271.35,165.21,30.02
Amanecer,11,17,365.66,208.91,9.69
Amanecer,11,18,311.37,449.62,-3.97
Amanecer,11,19,213.59,150.25,34.87
Amanecer,11,20,389.69,294.32,13.87
Amanecer,11,21,251.29,242.22,14.75
Amanecer,11,22,335.71,131.64,29.07
Amanecer,11,23,390.85,160.39,2.15
Amanecer,11,24,367.39,234.62,21.35
Amanecer,11,25,326.92,299.2,19.62
Amanecer,11,26,215.03,140.3,2.67
Amanecer,11,27,103.63,176.65,2.06
Amanecer,11,28,231.34,155.97,26.86
Amanecer,11,29,191.44,229.46,8.99
Amanecer,11,30,134.47,323.56,19.03
Centro,11,1,152.51,215.46,18.27
Centro,11,2,433.21,435.83,28.46
Centro,11,3,259.51,153,25.49
Centro,11,4,428.1,210.99,11.74
Centro,11,5,155.57,264.33,33.45
Centro,11,6,251.46,144.98,17.18
Centro,11,7,197.84,213.82,20.1
Centro,11,8,338.7,111.87,6.64
Centro,11,9,410.47,346.52,2.82
Centro,11,10,140.77,256.93,3.56
Centro,11,11,306.86,380.14,11.36
Centro,11,12,366.83,169.03,15.06
Centro,11,13,224.03,302.34,11.27
Centro,11,14,236.26,374.94,20.14
Centro,11,15,282.15,188.67,-2.92
Centro,11,16,196.82,439.29,-2.26
Centro,11,17,117.62,198.98,4.44
Centro,11,18,171.37,305.19,35.85
Centro,11,19,183.2,274.15,3.66
Centro,11,20,135.46,237.78,-1.24
Centro,11,21,351.26,154.75,32.45
Centro,11,22,405.46,235.21,17.22
Centro,11,23,279.35,114.6,2.34
Centro,11,24,254.01,402.55,10.29
Centro,11,25,138.69,235.82,14.9
Centro,11,26,240.88,179.76,35.49
Centro,11,27,136.86,349.2,9.21
Centro,11,28,339.29,276.64,8.69
Centro,11,29,409.9,391.59,19.04
Centro,11,30,206.71,279.17,14.72
Pedro	Valdivia,11,1,189.68,116.17,2.18
Pedro	Valdivia,11,2,114.89,424.67,-1.73
Pedro	Valdivia,11,3,246.58,422.68,-1.92
Pedro	Valdivia,11,4,201.11,128.05,22.75
Pedro	Valdivia,11,5,111.14,225.59,0.24
Pedro	Valdivia,11,6,295.4,422,21.43
Pedro	Valdivia,11,7,348.58,422.52,9.23
Pedro	Valdivia,11,8,146.26,435.98,-1.81
Pedro	Valdivia,11,9,173.42,140.22,35.27
Pedro	Valdivia,11,10,312.37,226.75,7.05
Pedro	Valdivia,11,11,224.33,169.81,2.76
Pedro	Valdivia,11,12,341.9,105.45,14.92
Pedro	Valdivia,11,13,253.76,141.84,-2.74
Pedro	Valdivia,11,14,189.85,151.72,15.08
Pedro	Valdivia,11,15,272.29,343.25,1.66
Pedro	Valdivia,11,16,281.35,355.83,4.24
Pedro	Valdivia,11,17,158.5,442.23,11.75
Pedro	Valdivia,11,18,318,350.05,0.9
Pedro	Valdivia,11,19,430.73,133.83,17.04
Pedro	Valdivia,11,20,141.85,141.39,22.36
Pedro	Valdivia,11,21,196.94,189.73,-2.64
Pedro	Valdivia,11,22,313.09,405.8,29.58
Pedro	Valdivia,11,23,271.93,148.22,15.78
Pedro	Valdivia,11,24,427.36,365.2,6.31
Pedro	Valdivia,11,25,393.26,216.14,28.49
Pedro	Valdivia,11,26,138.47,163.78,28.38
Pedro	Valdivia,11,27,230.48,157.75,7.44
Pedro	Valdivia,11,28,259.91,331.56,15.41
Pedro	Valdivia,11,29,318.29,419.54,22.3
Pedro	Valdivia,11,30,219.59,360.91,27.1
Santa	Rosa,11,1,114.07,430.58,27.82
Santa	Rosa,11,2,421.05,176.09,-0.25
Santa	Rosa,11,3,213.95,251.07,33.24
Santa	Rosa,11,4,228.24,118.01,31.32
Santa	Rosa,11,5,131.56,389.18,33.57
Santa	Rosa,11,6,190.92,150.59,16.6
Santa	Rosa,11,7,364.58,377.48,-3
Santa	Rosa,11,8,186.46,101.78,22.95
Santa	Rosa,11,9,221.43,338.4,17.49
Santa	Rosa,11,10,214.3,388.49,10.89
Santa	Rosa,11,11,159.5,321.43,29.37
Santa	Rosa,11,12,257.4,237.71,26.38
Santa	Rosa,11,13,388.24,340.02,12.5
Santa	Rosa,11,14,321.7,395.57,20.01
Santa	Rosa,11,15,413.33,366.6,17.65
Santa	Rosa,11,16,169.74,371.03,9.56
Santa	Rosa,11,17,326.45,298.69,29.8
Santa	Rosa,11,18,159.66,395.93,28.89
Santa	Rosa,11,19,269.68,442.97,12.14
Santa	Rosa,11,20,245.58,449.36,31.9
Santa	Rosa,11,21,189.23,227.07,33.87
Santa	Rosa,11,22,256.65,118.67,3.98
Santa	Rosa,11,23,312.15,127.19,6.26
Santa	Rosa,11,24,402.66,303.14,14.39
Santa	Rosa,11,25,382.06,233.3,12.16
Santa	Rosa,11,26,141.28,117.03,19.23
Santa	Rosa,11,27,198.85,154.28,-0.15
Santa	Rosa,11,28,411.7,276.67,34.77
Santa	Rosa,11,29,184.92,304.78,14.98
Santa	Rosa,11,30,410.57,277.5,30.78
Universidad,11,1,271.71,132.65,16.82
Universidad,11,2,154.24,173.03,18.77
Universidad,11,3,187.77,292.19,2.59
Universidad,11,4,160.35,432.4,12.09
Universidad,11,5,284.75,399.76,33.68
Universidad,11,6,251.15,385.14,11.85
Universidad,11,7,194.97,389.94,23.4
Universidad,11,8,175.29,223.02,33.74
Universidad,11,9,438.46,382.56,26.71
Universidad,11,10,428.83,121.63,3.17
Universidad,11,11,305.09,242.02,12.23
Universidad,11,12,227.08,332.94,19.05
Universidad,11,13,159.2,348.64,30.14
Universidad,11,14,136.23,110.78,24.53
Universidad,11,15,174.32,303.33,-2.39
Universidad,11,16,198.26,392.98,7.57
Universidad,11,17,279.78,161.15,7.68
Universidad,11,18,102.67,254.3,1.1
Universidad,11,19,394.26,339.52,16.93
Universidad,11,20,420.42,241.02,26.93
Universidad,11,21,384.56,299.64,0.8
Universidad,11,22,113.98,229.1,13.2
Universidad,11,23,183.87,446.04,6.66
Universidad,11,24,323.89,305.09,19.92
Universidad,11,25,217.28,360.53,3.74
Universidad,11,26,268.24,362.08,29.75
Universidad,11,27,204.85,435.48,20.27
Universidad,11,28,410.16,252.03,22.55
Universidad,11,29,256.19,145.18,15.61
Universidad,11,30,445.6,372.49,-1.35
Amanecer,12,1,388.69,428.28,-0.33
Amanecer,12,2,268.65,142.57,29.79
Amanecer,12,3,255.2,233.2,17.37
Amanecer,12,4,341.35,219.33,16.01
Amanecer,12,5,396.3,349.85,-2.7
Amanecer,12,6,176.25,407.47,3.01
Amanecer,12,7,376.85,262.76,14.92
Amanecer,12,8,174.24,320.53,19.7
Amanecer,12,9,313.21,255.09,7.71
Amanecer,12,10,402.76,379.88,1.03
Amanecer,12,11,443.84,262.09,32.7
Amanecer,12,12,394.88,223.51,8.6
Amanecer,12,13,392.37,253.68,15.03
Amanecer,12,14,400.86,285.17,13.98
Amanecer,12,15,130.06,282.11,15.18
Amanecer,12,16,174.84,146.91,34.09
Amanecer,12,17,165.08,137.22,14.31
Amanecer,12,18,109.19,228.37,22.92
Amanecer,12,19,171.71,162.48,3.45
Amanecer,12,20,262.5,250.4,22.19
Amanecer,12,21,289.16,125.52,29.3
Amanecer,12,22,437.71,183.9,3.19
Amanecer,12,23,370.64,427.18,32
Amanecer,12,24,289.34,266.31,15.66
Amanecer,12,25,428.98,397.86,-2.02
Amanecer,12,26,370.33,385.34,0.29
Amanecer,12,27,278.69,129.44,8.16
Amanecer,12,28,364.99,405.68,13.21
Amanecer,12,29,263.04,202.56,33.7
Amanecer,12,30,274.87,362.36,35.85
Centro,12,1,109.41,317.5,29.17
Centro,12,2,409.58,331.59,14.99
Centro,12,3,369.02,325.11,4.81
Centro,12,4,167.22,102.82,17.77
Centro,12,5,406.44,393.06,21.38
Centro,12,6,394.19,249.49,10.83
Centro,12,7,104.82,383.49,-1.14
Centro,12,8,229.66,333.72,24.93
Centro,12,9,416.08,271.76,15.95
Centro,12,10,421.12,372.85,8.77
Centro,12,11,439.82,313.77,15.86
Centro,12,12,190,262.19,2.68
Centro,12,13,333.77,422.76,24.93
Centro,12,14,365.19,366.23,-0.82
Centro,12,15,206.24,192.76,21.28
Centro,12,16,112.19,336.84,2.03
Centro,12,17,139.03,111.94,12.56
Centro,12,18,159.94,356.14,4.32
Centro,12,19,250.69,293.17,35.06
Centro,12,20,178.74,427.85,-2.24
Centro,12,21,211.24,109.96,25.31
Centro,12,22,147.99,331.48,-1.19
Centro,12,23,189.94,225.62,15.31
Centro,12,24,311.34,376.79,5.42
Centro,12,25,443.43,309.51,14.16
Centro,12,26,396.29,241.84,27.64
Centro,12,27,411.68,349.14,4.5
Centro,12,28,273.87,354.33,33.13
Centro,12,29,264.73,326.05,31.59
Centro,12,30,277.63,151.56,23.91
Pedro	Valdivia,12,1,320.98,391.81,20.36
Pedro	Valdivia,12,2,287.32,399.27,25.51
Pedro	Valdivia,12,3,400.75,302.04,32.56
Pedro	Valdivia,12,4,193.1,160.45,15.06
Pedro	Valdivia,12,5,344.05,197.24,7.45
Pedro	Valdivia,12,6,398.55,130.94,-0.61
Pedro	Valdivia,12,7,419.53,186.86,35.6
Pedro	Valdivia,12,8,422.76,300.85,2.93
Pedro	Valdivia,12,9,231.8,424.82,32.72
Pedro	Valdivia,12,10,159.45,207.09,17.93
Pedro	Valdivia,12,11,136.83,156.8,2.7
Pedro	Valdivia,12,12,221.43,360.92,-2.54
Pedro	Valdivia,12,13,365.42,316,14.56
Pedro	Valdivia,12,14,231.3,202.35,11.38
Pedro	Valdivia,12,15,243.58,430.59,-0.78
Pedro	Valdivia,12,16,339.81,346.92,3.97
Pedro	Valdivia,12,17,183.77,388.54,5.94
Pedro	Valdivia,12,18,231.34,144.24,1.38
Pedro	Valdivia,12,19,267.11,379.7,17.2
Pedro	Valdivia,12,20,381.42,291.46,30.59
Pedro	Valdivia,12,21,415.5,109.09,12.79
Pedro	Valdivia,12,22,395.26,251.88,29.87
Pedro	Valdivia,12,23,152.71,276.53,10.46
Pedro	Valdivia,12,24,377.9,181.39,17.76
Pedro	Valdivia,12,25,380.69,166.15,5.49
Pedro	Valdivia,12,26,152.66,414.9,3.61
Pedro	Valdivia,12,27,190.38,422.65,19.92
Pedro	Valdivia,12,28,227.7,309.57,-1.44
Pedro	Valdivia,12,29,373.83,147.99,26.48
Pedro	Valdivia,12,30,240.36,156.14,30.2
Santa	Rosa,12,1,442.45,248.78,16.56
Santa	Rosa,12,2,258.57,286.32,-1.4
Santa	Rosa,12,3,206.08,412.57,9.21
Santa	Rosa,12,4,243.01,127.24,-1.61
Santa	Rosa,12,5,401.69,141.14,25.15
Santa	Rosa,12,6,173.68,173.52,17.52
Santa	Rosa,12,7,168.01,243.64,16.82
Santa	Rosa,12,8,429.72,208.81,21.42
Santa	Rosa,12,9,282.84,185.1,7.35
Santa	Rosa,12,10,326.58,181.91,2.11
Santa	Rosa,12,11,342.91,409.52,26.21
Santa	Rosa,12,12,161.37,192.79,-2.12
Santa	Rosa,12,13,173.68,123.64,6.68
Santa	Rosa,12,14,353.75,412.97,19.82
Santa	Rosa,12,15,245.69,269.06,13.85
Santa	Rosa,12,16,416.94,170.27,-3.71
Santa	Rosa,12,17,443.83,132.81,34.61
Santa	Rosa,12,18,277.91,315.29,25.63
Santa	Rosa,12,19,415.93,195.29,2.61
Santa	Rosa,12,20,344.85,434.27,-2.3
Santa	Rosa,12,21,176.87,137.99,15.9
Santa	Rosa,12,22,217.2,132.36,13.96
Santa	Rosa,12,23,450.66,387.44,33.63
Santa	Rosa,12,24,148.15,115.47,10.05
Santa	Rosa,12,25,329.42,397.55,27.72
Santa	Rosa,12,26,383.77,135.78,10.2
Santa	Rosa,12,27,437.88,183.68,3.34
Santa	Rosa,12,28,373.76,403.45,14.57
Santa	Rosa,12,29,161.74,385.17,12.52
Santa	Rosa,12,30,349.27,401.87,17.72
Universidad,12,1,294.6,336.18,33.51
Universidad,12,2,427.88,114.46,19.26
Universidad,12,3,342.13,366.44,11.69
Universidad,12,4,352.98,284.31,23.33
Universidad,12,5,282.6,441.15,0.84
Universidad,12,6,148.84,347.09,34.37
Universidad,12,7,129.51,121.55,6.33
Universidad,12,8,308.77,420.8,23.29
Universidad,12,9,192.06,118.33,34.48
Universidad,12,10,127.91,271.16,22.89
Universidad,12,11,244.24,102.62,9.45
Universidad,12,12,433.8,169.06,34.41
Universidad,12,13,410.56,200.46,-0.77
Universidad,12,14,315.59,256.82,-0.54
Universidad,12,15,135.08,442.98,9.37
Universidad,12,16,297.56,226.12,25.58
Universidad,12,17,355.2,311.71,7.12
Universidad,12,18,259.9,309.4,3.97
Universidad,12,19,268.73,293.7,8.57
Universidad,12,20,213.62,308.63,27.32
Universidad,12,21,102.6,243.12,28.69
Universidad,12,22,425.55,238.12,14.71
Universidad,12,23,292.12,266.44,3.87
Universidad,12,24,339.45,178.39,-3.57
Universidad,12,25,309.79,374.42,3.29
Universidad,12,26,310.71,140.75,-1.5
Universidad,12,27,400.86,337.22,17.65
Universidad,12,28,393.24,280.32,12.41
Universidad,12,29,361.65,155.87,31.38
Universidad,12,30,343.59,199.65,20.14
